<?xml version="1.0" encoding="UTF-8"?>
<project-private xmlns="http://www.netbeans.org/ns/project-private/1">
    <editor-bookmarks xmlns="http://www.netbeans.org/ns/editor-bookmarks/2" lastBookmarkId="0"/>
    <open-files xmlns="http://www.netbeans.org/ns/projectui-open-files/2">
        <group>
            <file>file:/C:/Users/Monica/Documents/Dorian/2do%20Semestre%202019/Programacion%20III/Practica%20Examen/Stack-Assembly/src/Main.java</file>
            <file>file:/C:/Users/Monica/Documents/Dorian/2do%20Semestre%202019/Programacion%20III/Practica%20Examen/Stack-Assembly/src/GUI/stackTableModel.java</file>
            <file>file:/C:/Users/Monica/Documents/Dorian/2do%20Semestre%202019/Programacion%20III/Practica%20Examen/Stack-Assembly/src/GUI/Model.java</file>
            <file>file:/C:/Users/Monica/Documents/Dorian/2do%20Semestre%202019/Programacion%20III/Practica%20Examen/Stack-Assembly/src/GUI/Controller.java</file>
            <file>file:/C:/Users/Monica/Documents/Dorian/2do%20Semestre%202019/Programacion%20III/Practica%20Examen/Stack-Assembly/src/GUI/View.java</file>
        </group>
    </open-files>
</project-private>
